customer_id,name,email,address
1,Catherine Gonzalez,schultzjustin@example.org,"Unit 2543 Box 1603, DPO AP 47866"
2,Dalton Perry,amyrose@example.org,"514 Lang Lane Apt. 144, Clementsfort, MT 28649"
3,Michael Beck,singhcorey@example.org,"71015 Rachel Mews, Josephfort, CA 89189"
4,Michael Roach II,astephenson@example.net,"33199 Collins Oval Apt. 526, Lake Nicholaston, OH 58921"
5,David Benson,holdenjennifer@example.com,"3951 Gonzalez Cliff Apt. 870, East Lisa, RI 18264"
6,Chelsea Parks,michelleshort@example.net,"666 Marshall Cliff, Erinton, WI 98954"
7,Deborah Nunez,crystalchristensen@example.com,"37248 Ford Path, South Dana, MO 87619"
8,Lindsey Mccann,candicecarter@example.net,"52423 David Junctions Apt. 465, Kennethtown, CA 12064"
9,Tiffany Sherman,michele24@example.net,"2796 Marshall Ports, Vargasside, CA 61648"
10,Nicholas Perez,benjaminjohn@example.org,"714 Thomas Junction Apt. 384, Lake Johnbury, VI 41450"
11,Andrew Carter,monica39@example.net,"268 Carla Canyon Apt. 938, West Melissahaven, WV 41379"
12,Dustin Lawson,williamgarcia@example.net,"595 Heidi Crest Apt. 344, Deannahaven, AZ 93098"
13,Daniel Rogers,mmendez@example.com,"29630 Guzman Stream, South Dianastad, AZ 79085"
14,Christina Gonzalez,smithanthony@example.net,"5867 Gregory Green, North Nicholas, VT 07284"
15,James Harper Jr.,ewilson@example.com,"1445 Christopher Shores Apt. 194, Chavezborough, AS 91628"
16,Matthew Smith,peter18@example.net,"287 Johnston Roads Suite 298, New Jamesshire, WA 50890"
17,Anne Thomas,jonathanzuniga@example.com,"2763 Deborah Trace Apt. 890, West Jason, MS 67123"
18,Michelle Murillo,tknapp@example.org,"728 Renee Highway Suite 013, New Frank, CT 41017"
19,Monica Hernandez,kimberlyaguilar@example.net,"685 Mitchell Union, Port Joann, IA 56065"
20,Stephanie Baker,greenpamela@example.org,"PSC 5264, Box 2873, APO AE 34281"
21,Angela Keller,stevensrobert@example.com,"20687 Holmes Crossroad, South Williechester, UT 73262"
22,Jonathan Kennedy,pford@example.com,"304 Allen Junctions Suite 683, Marktown, IL 77778"
23,Donna Snyder,williamking@example.net,"07777 Brooks Estate Suite 842, Joshuaton, ND 88602"
24,Sherri Stanton,andreamurphy@example.com,"1962 Danielle Locks Suite 078, Charlesbury, MN 85689"
25,Stephanie King,dhahn@example.org,"2487 Anderson Ridges Apt. 670, Dwayneland, AZ 19651"
26,Peter Moreno,griffinamanda@example.net,"USS Lee, FPO AP 51882"
27,Mr. John Burns,rtaylor@example.net,"867 Clark Drive, South Nicole, ID 93774"
28,Adam Chambers,jacobgeorge@example.org,"0755 David Square, Barnettland, SD 53258"
29,Robert Torres,moorewilliam@example.com,"660 Grant Centers, North Lisaton, LA 62343"
30,Matthew Robinson,michaelcooper@example.com,"26607 Maria Avenue Suite 834, West Wayne, TX 31271"
31,Frank White,shawnfrancis@example.org,"635 Allen Brook, North Jenniferberg, NH 26682"
32,Alexander Mclaughlin,cortezlori@example.net,"2982 Eugene Spur, Melindamouth, MI 92935"
33,Douglas Burke,scottsmith@example.com,"80575 Cynthia Divide, Lake Kristin, VT 52092"
34,Annette Beard,charlesreid@example.org,"30577 Michael Key Suite 289, Calebshire, NM 69272"
35,Daniel Brock,vargasmatthew@example.net,"4688 Miller Vista, Andersonstad, MS 51917"
36,Keith Wilson,rhernandez@example.com,"307 Gonzalez Causeway Apt. 183, North Robert, NM 09007"
37,Charles Thompson,andrew30@example.net,"846 Michael Ranch Apt. 829, Gomezmouth, AK 29953"
38,Jonathan Miller,wroberts@example.net,"67156 Vargas Plains Suite 646, Timothyport, KS 14379"
39,Julie Reed,christianfreeman@example.org,"PSC 3206, Box 5405, APO AA 08980"
40,Scott Ellis,sheilagibbs@example.net,"2284 Gabriel Drive Apt. 259, South Abigail, AR 13394"
41,Rebecca Warren,linda83@example.org,"363 Anita Village, Pamelabury, GU 05987"
42,Gwendolyn Davis,cparks@example.net,"247 Alvin Trafficway Apt. 217, Swansonmouth, MS 39564"
43,Kelly Jones,bvillegas@example.org,"280 Wolfe Plaza Apt. 084, Port Cynthiatown, GA 25813"
44,Gerald Taylor,kenneth41@example.com,"PSC 8604, Box 5445, APO AA 39480"
45,Jennifer Moore,juliemiller@example.com,"0272 Jeffrey Cliff, New Samanthafurt, NV 83271"
46,Erin George,diana88@example.org,"385 Waller Plains Suite 533, West Sarah, NV 14736"
47,Henry Park,mgomez@example.org,"472 Cooper Port, Charlesville, MP 56105"
48,Michael Calderon,janetlawrence@example.org,"USS Cooper, FPO AE 35254"
49,Randy Caldwell,zacharygarcia@example.com,"671 Rodriguez Estates, Johnside, VA 94691"
50,Sandy Campbell,michelle28@example.net,"8775 Megan Lane Apt. 205, East Theresa, AK 72471"
51,Jennifer Jackson,williamsonwilliam@example.com,"113 Audrey Flats, South Chloeville, MI 67919"
52,Brooke Ward,hkeller@example.com,"028 Hernandez Spring Apt. 866, Jeanneburgh, PA 50909"
53,Steven Johnson,huffanthony@example.net,"32496 Kathleen Junction, East Matthew, IL 76885"
54,Stacy Brown,collinbird@example.com,"0878 Mike Path, Port Derek, IN 24577"
55,Richard Molina,sarah38@example.com,"78964 Williams Squares Apt. 659, New Katherine, WV 99491"
56,Robert Ashley,christopher78@example.com,"63162 Smith Mountains Suite 001, New Kristopher, NH 37458"
57,Jimmy Wilson,raymondlopez@example.org,"34642 Vega Isle, North Ronald, MI 58390"
58,Sarah Schultz,fharris@example.net,"5338 Higgins Route Suite 068, East John, FL 34664"
59,Shannon Jacobson,kjohnson@example.com,"290 Thomas Divide Apt. 995, Whitakerborough, NV 72390"
60,Connor Price,benjamin02@example.com,"92438 Nicholas Meadow Apt. 154, Drakeland, IN 89794"
61,Jonathan Robinson,thomasjoshua@example.com,"12148 Melissa Mountain Suite 749, Millerside, MH 48594"
62,Timothy Hicks,fullerkrista@example.net,"469 Christopher Fords, New Patrick, NV 56172"
63,Krystal Farmer,ucook@example.org,"4855 Kevin Station, West Josephport, DC 38142"
64,Kathleen Dudley,ojones@example.net,"309 April Union Suite 043, Johnsonburgh, GU 86226"
65,Matthew Kline,xkelly@example.com,"90058 Sheila Park Apt. 681, Markborough, KS 19121"
66,Susan Robinson,david05@example.net,"PSC 8589, Box 2859, APO AA 36835"
67,Alexander Lynn,escobarchristian@example.net,"9398 Christopher Ford Apt. 157, Perezfort, KY 35053"
68,Susan Lopez,riosamanda@example.com,"3982 Victor Village Suite 316, Mccallside, LA 24688"
69,Jeremy Diaz,christina18@example.org,"07631 Jessica Trail, East Tiffanyport, OR 31340"
70,Paul Franklin,llozano@example.com,"Unit 9080 Box 9141, DPO AP 32595"
71,Stephanie Tyler,favila@example.net,"713 Heather Brook, Fishertown, IA 88761"
72,Rachel Navarro,vasquezamanda@example.net,"3892 Weber Radial Apt. 808, Lake Lisamouth, AL 46927"
73,Melissa Nelson,smithdaniel@example.org,"26591 Samuel Spring Apt. 173, New Markton, VA 37570"
74,Bradley Clark,fgilbert@example.net,"USCGC Lopez, FPO AE 12383"
75,Sarah Guzman,perezpamela@example.net,"714 Linda Keys, Davisport, WY 67694"
76,Michelle Wagner,henryamber@example.com,"429 Garrett Port, Charlesshire, TX 10695"
77,Jerome Burgess,shepherdemily@example.com,"24602 Reeves Vista, Thomaschester, GU 96840"
78,David Brown,goodkyle@example.com,"6676 Campbell Bridge, New Lisaland, PW 81526"
79,Katherine Dixon,jennifer06@example.com,"478 Steven Ford Apt. 662, Johnhaven, UT 91661"
80,Joshua Webster,huangjorge@example.net,"20084 Kenneth Light Apt. 185, Lisaside, NC 16640"
81,Marissa Miller,mitchelllaura@example.net,"PSC 3552, Box 8781, APO AA 70930"
82,Samuel Haley,trevorhill@example.org,"4430 Brandon Causeway Suite 519, Dennistown, MP 10903"
83,Holly Levine,tristan94@example.com,"USNS Kelly, FPO AP 47210"
84,Christopher Armstrong,smithjohn@example.net,"2163 Timothy Pike, Johnfurt, MN 20408"
85,Daniel Chen,haletrevor@example.org,"5588 Angela Manor, South Meganmouth, LA 56397"
86,Rebecca Morrison,icox@example.net,"448 Ryan Knolls Apt. 364, Dawsonside, MA 51208"
87,Mark Jones,catherinemiller@example.com,"1091 Stacy Pike Apt. 857, East Darrell, MP 95783"
88,Jeremiah Gardner,bradley49@example.com,"481 Graves Isle, Port Gregmouth, MA 30669"
89,Charles Sanchez,jhendrix@example.net,"779 Thompson Springs Apt. 825, North Colin, AZ 44578"
90,Glenn Brown,danielbeck@example.org,"2520 Gina Grove Suite 343, Port Patrick, AL 32547"
91,Christine Maldonado,trevorroberts@example.net,"472 Brown Square, South Derrick, ME 08257"
92,Timothy Briggs,ryan18@example.org,"295 Mary Spring Apt. 999, Ryanville, IN 27930"
93,Taylor Matthews,cdavis@example.com,"59358 John Pike, Cooperberg, PA 35411"
94,Sandra Zimmerman,oshaw@example.com,"74440 Rachel Summit Apt. 503, Hansonville, LA 10304"
95,Christine Snyder,andrewskyle@example.com,"454 Garcia Flats, South Priscilla, AS 29432"
96,Thomas Morris,cordovarobert@example.org,"75644 Deanna Park, North Michael, MS 47676"
97,Ryan Edwards,cordovaandrew@example.net,"2890 Michael Trail Apt. 864, Davidsonmouth, AS 02325"
98,Kenneth Chavez,aprilwagner@example.org,"301 Sarah Squares, East Cheryl, NY 85193"
99,Desiree Martin,michaelmejia@example.net,"Unit 6770 Box 3709, DPO AA 88074"
100,Tony Perez,justin63@example.org,"5614 Christine Station Suite 210, Davidsonshire, SD 35878"
